{
  "project_info": {
    "project_number": "721344490129",
    "firebase_url": "https://drozeebvest.firebaseio.com",
    "project_id": "drozeebvest",
    "storage_bucket": "drozeebvest.appspot.com"
  },
  "client": [
    {
      "client_info": {
        "mobilesdk_app_id": "1:721344490129:android:c70a6ac8597e891a",
        "android_client_info": {
          "package_name": "com.drozee.drozeebvest"
        }
      },
      "oauth_client": [
        {
          "client_id": "721344490129-vujfhd97rdm1g5esvkm0obbj6ncmhqt2.apps.googleusercontent.com",
          "client_type": 1,
          "android_info": {
            "package_name": "com.drozee.drozeebvest",
            "certificate_hash": "07d2dac039eb66429b74c5de8feeebabbc713603"
          }
        },
        {
          "client_id": "721344490129-t41vnlojatg3b9fdkjfq7e8u83523qje.apps.googleusercontent.com",
          "client_type": 3
        }
      ],
      "api_key": [
        {
          "current_key": "AIzaSyDKiCmPCwFmje-VvrjoSXVAcPMa21C1OPQ"
        }
      ],
      "services": {
        "analytics_service": {
          "status": 1
        },
        "appinvite_service": {
          "status": 2,
          "other_platform_oauth_client": [
            {
              "client_id": "721344490129-t41vnlojatg3b9fdkjfq7e8u83523qje.apps.googleusercontent.com",
              "client_type": 3
            }
          ]
        },
        "ads_service": {
          "status": 2
        }
      }
    },
    {
      "client_info": {
        "mobilesdk_app_id": "1:721344490129:android:dcce4e13e5d1dd62",
        "android_client_info": {
          "package_name": "com.example.fgw.drozeesign_up"
        }
      },
      "oauth_client": [
        {
          "client_id": "721344490129-t41vnlojatg3b9fdkjfq7e8u83523qje.apps.googleusercontent.com",
          "client_type": 3
        }
      ],
      "api_key": [
        {
          "current_key": "AIzaSyDKiCmPCwFmje-VvrjoSXVAcPMa21C1OPQ"
        }
      ],
      "services": {
        "analytics_service": {
          "status": 1
        },
        "appinvite_service": {
          "status": 1,
          "other_platform_oauth_client": []
        },
        "ads_service": {
          "status": 2
        }
      }
    },
    {
      "client_info": {
        "mobilesdk_app_id": "1:721344490129:android:ce120505b1980382",
        "android_client_info": {
          "package_name": "com.example.nandkishorjindal.usersdetails"
        }
      },
      "oauth_client": [
        {
          "client_id": "721344490129-3gtirsclnrjirt7u031u3e6grvbv138a.apps.googleusercontent.com",
          "client_type": 1,
          "android_info": {
            "package_name": "com.example.nandkishorjindal.usersdetails",
            "certificate_hash": "ee2bd9294b9f4b51704c3fe5b12bc08470feda03"
          }
        },
        {
          "client_id": "721344490129-t41vnlojatg3b9fdkjfq7e8u83523qje.apps.googleusercontent.com",
          "client_type": 3
        }
      ],
      "api_key": [
        {
          "current_key": "AIzaSyDKiCmPCwFmje-VvrjoSXVAcPMa21C1OPQ"
        }
      ],
      "services": {
        "analytics_service": {
          "status": 1
        },
        "appinvite_service": {
          "status": 2,
          "other_platform_oauth_client": [
            {
              "client_id": "721344490129-t41vnlojatg3b9fdkjfq7e8u83523qje.apps.googleusercontent.com",
              "client_type": 3
            }
          ]
        },
        "ads_service": {
          "status": 2
        }
      }
    }
  ],
  "configuration_version": "1"
}